T,r,r_over_g,wg,liar_win_rate,rumor_user_win_rate,tie_rate,finished_trials,converged_rate,avg_generation
100,0,0.0,0.6410256410256411,1.0,0.0,0.0,2,1.0,6.5
100,1,0.2,0.6410256410256411,1.0,0.0,0.0,2,1.0,8.0
100,2,0.4,0.6410256410256411,1.0,0.0,0.0,2,1.0,8.5
200,0,0.0,1.2820512820512822,1.0,0.0,0.0,2,1.0,6.0
200,1,0.2,1.2820512820512822,1.0,0.0,0.0,2,0.5,10.0
200,2,0.4,1.2820512820512822,1.0,0.0,0.0,2,1.0,8.5
